Class,Accuracy,Support
ABT A3,0.0,3
ABT A4,0.0,2
ABT A5,0.0,5
ABT A6,0.0,1
ABT Q7,0.0,1
ABT TT,0.0,2
ABT A7,0.0,1
ABT Q3,0.0,3
ABT Q5,0.0,3
ABT RS 4,0.0,2
ABT A1,0.0,2
BAC Mono,0.0,3
Knight XV,0.8695652173913043,23
DS 5,0.25,24
DS 6,0.6818181818181818,22
DS 5LS,0.5217391304347826,23
DS 3,0.32142857142857145,28
DS Wild Rubis,0.6153846153846154,26
DS 9,0.6896551724137931,29
DS 4,0.43478260869565216,23
Dokker,0.0,7
Duster,0.2,5
Logan,0.25,4
Sandero,0.6,5
Lodgy,0.5,6
Atlantic,0.0,4
Surf,0.2857142857142857,14
Latigo,0.5,6
Tramonto,0.0,3
Karma,0.5,4
GMC3500,0.0,1
Yukon,0.0,3
Terrain,0.5384615384615384,26
Sierra,0.0,6
Acadia,1.0,4
GMC CANYON,0.7272727272727273,11
Savana,1.0,2
Apollo,1.0,2
Tornante,0.0,2
Venom GT,0.6666666666666666,12
Venom F5,0.5,20
VelociRaptor,0.65,20
Vulcano,0.7857142857142857,28
Grand Cherokee SRT,0.68,25
Wrangler,0.52,25
Compass,0.36363636363636365,22
Cherokee,0.25806451612903225,31
Patriot,0.41935483870967744,31
Free,0.85,20
Jeep J12,0.7,20
Renegade,0.3888888888888889,18
Grand Cherokee,0.8148148148148148,27
X-BOW,0.7391304347826086,23
MELKUS RS2000,0.0,1
MG3 SW,0.47619047619047616,21
MG3 Xross,0.5555555555555556,18
MG5,0.7333333333333333,30
MG6 sedan,0.4444444444444444,18
MG6 hatchback,0.35,20
MG7,0.7446808510638298,47
Icon,0.7272727272727273,11
MG CS,0.5333333333333333,15
MG3,0.68,25
MINI,0.47619047619047616,21
MINI CLUBMAN,0.38461538461538464,26
MINI COUNTRYMAN,0.75,20
MINI COUPE,0.5625,16
MINI PACEMAN,0.6666666666666666,27
MINI ROADSTER,0.35294117647058826,17
MINI E,0.8888888888888888,9
MINI CLUBVAN,0.7037037037037037,27
MINI BEACHCOMBER,0.5714285714285714,21
MINI VISION,0.0,18
MINI Superleggera,0.5,2
MINI CABRIO,0.8,10
MINI JCW,0.375,8
MINI JCW COUNTRYMAN,0.0,5
MINI JCW COUPE,1.0,5
MINI JCW PACEMAN,0.0,8
Evantra,0.2,5
Noble M600,0.14285714285714285,7
Noble M14,0.2857142857142857,7
Noble M15,0.6666666666666666,9
Noble M12,0.7368421052631579,19
CEVENNES,0.0,8
HEMERA,0.6578947368421053,38
Spirra,0.6363636363636364,22
Tuatara,0.6785714285714286,28
Ultimate,0.75,4
Scion tC,0.125,16
Scion iQ,0.0,4
Scion xB,0.22727272727272727,22
Scion xA,0.6666666666666666,9
Scion xD,0.7272727272727273,22
Scion FR-S,0.5909090909090909,22
MODEL S,0.7878787878787878,33
TESLA Roadster,0.0,3
MODEL X,0.9259259259259259,27
Sagaris,0.25,4
Tuscan,0.5185185185185185,27
Zenvo ST1,0.6111111111111112,18
smart fortwo,0.6153846153846154,26
smart for-us,0.3,10
smart forjeremy,0.5909090909090909,22
smart forstars,0.6666666666666666,27
smart forfour,0.23333333333333334,30
smart fortwo electric,0.3125,16
Junpai D60,0.631578947368421,19
Weizhi,0.32,25
Weizhi V2,0.3888888888888889,18
Weizhi V2 CROSS,0.7368421052631579,19
Weizhi V5,0.7,20
Weizi,0.391304347826087,23
Xiali N5,0.5161290322580645,31
Xiali N7,0.42857142857142855,28
Xiali hatchback,0.23076923076923078,26
Xiali sedan,0.48,25
FAW NH2,0.47058823529411764,17
FAW NS2,0.0,8
FAW TFC,0.0,1
FAW X121,0.46153846153846156,26
Kuncheng,0.0,1
Jiabao T50,0.7307692307692307,26
Jiabao T57,0.7222222222222222,18
Jiabao V52,0.5185185185185185,27
Jiabao V55,0.3333333333333333,12
Jiabao V70,0.47368421052631576,19
Jiabao V80,0.35714285714285715,14
Senya M80,0.8709677419354839,31
Senya S80,0.6666666666666666,21
Jiabao T51,0.3181818181818182,22
ASX,0.23076923076923078,26
Pajero Sport,0.5238095238095238,21
Pajero,0.21739130434782608,23
Grandis,0.5,2
Eclipse,0.55,20
Evo,0.7222222222222222,18
Mitsubishi i,0.42105263157894735,19
Mitsubishi Colt,0.0,5
ASX abroad version,0.75,4
Global Small,0.0,5
Mirage,0.42857142857142855,14
Mitsubishi G4,0.0,1
Endeavor,0.6,5
Mitsubishi CA-MiEV,0.4166666666666667,24
Mitsubishi GR-HEV,0.2,5
Mitsubishi PX-MiEV,0.5,2
Mitsubishi XR-PHEV,0.0,1
eK Space,0.0,2
Outlander abroad version,0.8571428571428571,28
Mitsubishi Fortis,0.25,4
Mitsubishi Zinger,0.92,25
Mitsubishi Lancer,0.8620689655172413,29
Mitsubishi Lancer EX,0.6,20
Mitsubishi Galant,0.47619047619047616,21
MAXUS G10,0.7894736842105263,19
MAXUS V80xs,0.6666666666666666,9
Spyker C8,0.3333333333333333,9
Spyker C12,0.8888888888888888,27
Spyker B6,0.6363636363636364,22
V3 Lingyue,0.6666666666666666,9
V6 Lingyue,0.5714285714285714,28
Delica,0.8333333333333334,12
Xiwang,0.6428571428571429,14
Northeast V4,0.2692307692307692,26
Northeast V7,0.5,4
V5 Lingzhi,0.0,3
Junfeng CV03,0.75,20
Dongfeng HUV,0.36,25
Yufeng,0.9333333333333333,30
DFSK C37,0.4583333333333333,24
DFSK K07,0.6521739130434783,23
DFSK K07II,0.85,20
DFSK V07S,0.8333333333333334,24
DFSK V21,0.7906976744186046,43
DFSK V27,0.7391304347826086,23
DFSK V29,0.30434782608695654,23
Fengguang,0.5,8
DFSK V22,1.0,5
Ruiqi Pickup,0.56,25
Ruiqi Cargo,0.6,5
Shuaike,0.0,5
Yuxuan,0.0,4
Junfeng,1.0,13
Fengshen A30,0.9166666666666666,12
Fengshen CROSS,0.3333333333333333,6
Fengshen H30,0.72,25
Fengshen S30,0.85,20
Fengshen E30L,0.7857142857142857,28
Fengshen A60,0.42857142857142855,21
Fengxing CM7,0.5454545454545454,22
Jingyi SUV,0.5652173913043478,23
Jingyi X3,0.46875,32
Jingyi X5,0.5,14
Lingzhi,0.7083333333333334,24
Jingyi,0.9,20
Changling,0.9333333333333333,15
Grandtiger F1,0.47619047619047616,21
Grandtiger G3,0.9642857142857143,28
Grandtiger TUV,0.0,4
Grandtiger abroad version,0.125,8
Quick,1.0,5
Quick V5,0.034482758620689655,29
Quick V7,0.18181818181818182,11
Zxauto C3,0.6551724137931034,29
GreenWheel,0.3333333333333333,6
Grandtiger SUV,0.35,20
Qijian A9,0.4583333333333333,24
Zhonghua H220,0.8571428571428571,21
Zhonghua H320,0.32,25
Zhonghua H330,0.16,25
Zhonghua H530,0.65,20
Zhonghua V5,0.16,25
Zhonghua Junjie,0.64,25
Zhonghua Junjie CROSS,0.14285714285714285,7
Zhonghua Junjie FRV,0.3333333333333333,21
Zhonghua Junjie FSV,0.4,5
Zhonghua Junjie Wagon,0.8421052631578947,19
Zhonghua Zunchi,1.0,6
Zhonghua H230,0.3333333333333333,3
Toyota RAV4,0.5,4
Crown,0.0,1
Corolla,1.0,3
Coaster,0.6153846153846154,13
Lcruiser,0.0,3
Prado,0.25,4
Prius,0.0,2
Reiz,0.3125,16
Vios,0.5263157894736842,19
Huaguan,0.15789473684210525,19
FJ Cruiser,0.4230769230769231,26
Venza,0.6,15
Alphard,0.5333333333333333,15
Toyota 4 Rinner,0.4,5
Toyota 86,0.7333333333333333,15
Sequoia,0.3333333333333333,24
Zelas,0.1,10
Coaster abroad version,0.5,10
Previa,0.7142857142857143,21
Saina,1.0,3
Toyota IQ,0.75,20
Toyota Aygo,0.0,15
Avensis,0.6666666666666666,27
Toyota Verso,0.5217391304347826,23
Toyota MR2,0.6428571428571429,28
Toyota FT-HS,0.36363636363636365,22
Undra,0.6666666666666666,21
Toyota Auris,0.3125,32
WISH,0.7083333333333334,24
Toyota FT-86,0.48,25
Highlander abroad version,0.7083333333333334,24
Toyota Fun-Vii,0.5,22
Toyota Hilux,0.8,10
Toyota i-Road,0.5806451612903226,31
Toyota Tacoma,0.4782608695652174,23
Toyota FCV-R,0.6,20
Toyota FT-CH,0.5,2
Toyota Hi-CT,0.7692307692307693,26
Toyota NS4,0.4,25
丰田Avalon,0.5238095238095238,21
Toyota FT-1,0.5238095238095238,21
Toyota Matrix,0.4230769230769231,26
Toyota Urban Cruiser,0.75,20
Toyota 1X,0.32142857142857145,28
Toyota FT-Bh,0.3,20
Toyota FT-EV,0.3448275862068966,29
Toyota ME.WE,0.5833333333333334,12
Toyota RiN,0.5,28
Yuejia,0.0,4
Toyota FCV,0.32,25
YARiS L,0.3333333333333333,6
Camry,0.125,8
Camry hybrid,0.3333333333333333,6
Levin,0.0,2
Yaris,0.3333333333333333,3
EZ,0.7,10
EZ Crossover,0.5454545454545454,11
Highlander,1.0,3
Zhinuo 1E,0.7407407407407407,27
Aifei,0.8064516129032258,31
Jiulong A5,0.5,18
Jiulong A6,0.88,25
Big MPV,0.9047619047619048,21
D-MAX,0.8461538461538461,26
Wulinghongguang,0.36666666666666664,30
Wulingzhiguang,1.0,22
Xingwang,0.6153846153846154,26
Xiaoxuanfeng,0.8,35
Wulingrongguang,0.4,15
AC Schnitzer 1 Class,0.42857142857142855,28
AC Schnitzer 5 Class,0.07142857142857142,14
AC Schnitzer 6 Class,0.6829268292682927,41
AC Schnitzer 7 Class,0.5161290322580645,31
AC Schnitzer MINI,0.7272727272727273,22
AC Schnitzer X1,0.5416666666666666,24
AC Schnitzer X3,0.4,25
AC Schnitzer X5,0.5517241379310345,29
AC Schnitzer X6,0.75,20
AC Schnitzer 3 Class,0.9285714285714286,14
Jiangnan TT,0.4666666666666667,15
Zotye 5008,0.5862068965517241,29
Zotye M300,0.2,5
Zotye T200,0.7142857142857143,7
Zotye T600,0.8333333333333334,12
Zotye V10,0.5,10
Zotye Z100,0.5,30
Zotye Z200,0.45454545454545453,22
Zotye Z200HB,0.4074074074074074,27
Zotye Z300,0.875,16
Zhidou E20,0.8260869565217391,23
Power Daily,0.3333333333333333,3
Duling,0.15384615384615385,13
Turbo Daily,0.3888888888888889,18
Campagnola,0.0,3
Massif,0.7222222222222222,18
La Joya,0.8888888888888888,9
Boxster,0.4782608695652174,23
Macan,0.0,3
Panamera,1.0,2
Panamera hybrid,0.6666666666666666,30
Porsche 911,0.3333333333333333,6
Porsche 918,0.2727272727272727,11
Canyenne,0.9090909090909091,22
Canyenne hybrid,0.0,1
Carrera GT,0.2857142857142857,7
Porsche 917,0.8571428571428571,7
Porsche 919,0.5555555555555556,9
Cayman,0.8571428571428571,7
Galue,1.0,1
Orochi,0.7083333333333334,24
Himiko,0.8571428571428571,21
Town,0.25,4
Chrysler  200C,0.0,1
Prowler,0.25,4
Chrysler 200,0.0,4
Chrysler Delta,0.5,6
Chrysler Ypsilon,0.6666666666666666,12
Chrysler 700C,0.0,2
Chrysler 300C SRT,0.75,28
Chrysler 300C,0.36363636363636365,11
Grand Voager,0.7647058823529411,17
Aventador,0.058823529411764705,17
Reventon,0.75,12
Insecta,0.4,5
Estoque,0.6,5
Gallardo,0.0,5
Urus,0.42857142857142855,14
Veneno,0.0,7
Egoista,0.09090909090909091,11
5-95 Zagato,0.7407407407407407,27
Huracan,0.0,5
 Hector,0.2857142857142857,7
Seville SLS,0.0,7
Cadillac XTS,0.9,20
Cadillac CTS,0.625,16
Cadillac ATS,0.7727272727272727,22
Cadillac SRX,0.6153846153846154,26
Escalade,0.375,24
Escalade hybrid,0.9090909090909091,22
Cadillac BLS,0.5,18
Cadillac ELR,0.6923076923076923,26
Cadillac Ciel,0.55,20
Elmiraj,0.5714285714285714,21
encore,0.5652173913043478,23
Buick GL8 Luxury Business,0.0,7
Buick GL8 Business,0.6956521739130435,23
Regal,0.6956521739130435,23
Regal GS,0.5,28
Lacrosse,0.0,7
Lacrosse eAssist,0.6666666666666666,18
Exclle,0.2222222222222222,9
Park Avenue,0.4782608695652174,23
EXCELLE  GT,0.0,2
EXCELLE  XT,0.7407407407407407,27
Buick Riviera,0.5238095238095238,21
Envision,0.0,5
Enclave,0.8636363636363636,22
Buick Encore,0.9166666666666666,24
Buick Business,0.75,4
Buick Verano,0.1111111111111111,9
Envision abroad version,0.5833333333333334,12
Fengshun,0.4,10
Lifan 330,0.4444444444444444,9
Lifan 521i,0.6153846153846154,26
Lifan 530,0.5416666666666666,24
Lifan 620,0.6190476190476191,21
Lifan 630,0.0,5
Lifan 720,0.7307692307692307,26
Lifan X50,0.0,3
Lifan X60,0.5416666666666666,24
Xingshun,0.8214285714285714,28
Lifan 320,0.44,25
Lorinser M Class,0.7857142857142857,28
Lorinser S Class,0.0,10
Lorinser C Class,0.0,6
Lorinser G Class,0.5,26
Lorinser E Class,0.25,8
Ghost,0.6,20
Wraith,0.4444444444444444,18
Phantom,0.35714285714285715,14
BAW BJ40,0.47368421052631576,19
BAW E Series sedan ,0.0,5
BAW C60,0.24,25
BAW C71,0.6,10
BAW B61,0.6896551724137931,29
BAW C30,1.0,13
BAW C90L,0.8571428571428571,21
BAW C51X,0.92,25
BAW T60,0.8823529411764706,17
concept500,0.6896551724137931,29
concept900,0.8,5
BAW B90,0.625,24
BAW C50E,0.125,8
BAW E Series hatchback,0.6666666666666666,30
BJ212,0.5,20
Luba,0.7272727272727273,11
Luling,0.7647058823529411,17
Qishi,0.7333333333333333,15
Ruiling,1.0,7
Yongshi,0.8888888888888888,18
Yusheng 007,0.6470588235294118,17
Yueling,0.2,5
Juedoushi,0.6666666666666666,30
Weiwang 205,0.16666666666666666,6
Weiwang 307,0.34615384615384615,26
Weiwang M20,0.2631578947368421,19
Weiwang 306,0.0,1
Huansu S2,0.6666666666666666,12
Huansu S3,0.75,28
BAW E150 EV,0.6666666666666666,3
Haijing,0.76,25
Haiyue,0.8333333333333334,12
Baolige,0.0,5
Shengdafei,0.4,5
Tekala,0.38461538461538464,26
Xinshengdafei,0.11764705882352941,17
Huatai B11,0.7,20
HORKI-1,0.43333333333333335,30
Carlsson C,0.6,15
CarlssonCS,0.3125,16
CarlssonCK,0.6428571428571429,28
CarlssonCML,0.47058823529411764,17
CarlssonCGL,1.0,6
Shuanghuan SCEO,0.7142857142857143,28
Nobel,0.0,7
Actyon,0.8,20
Rexton,0.125,8
Rexton W,0.72,25
Rodius,0.0,4
Kyron,0.5714285714285714,21
Chairman,0.5483870967741935,31
Ssang Yong XIV-2,0.0,3
Ssang Yong e-XIV,0.0,3
Ssang Yong SIV-1,0.6333333333333333,30
Ssang Yong XIV-1,0.5357142857142857,28
Ssang Yong XIV,0.8163265306122449,49
Korando,0.5294117647058824,17
Geely GC7,0.55,20
Geely GX2,0.41379310344827586,29
Geely GX7,0.7727272727272727,22
Geely SC3,0.3333333333333333,27
Geely SC5-RV,0.5185185185185185,27
Geely SC6,0.4375,32
Geely SC7,0.7916666666666666,24
Geely SX7,0.5652173913043478,23
Geely TX4,0.38461538461538464,13
King Kong CROSS,0.8181818181818182,22
King Kong hatchback,0.0,16
King Kong sedan,0.7586206896551724,29
Jinying,0.0,5
Jinying CROSS,0.4583333333333333,24
Classic Imperial hatchback,0.42857142857142855,28
Classic Imperial sedan,0.5,22
Imperial hatchback,0.3125,32
Imperial sedan,0.5185185185185185,27
Panda,0.2,10
Panda CROSS,0.6071428571428571,28
Vision,0.24,25
Chinese Dragon,0.25,4
Ziyoujian,0.5384615384615384,13
Geely EV8,0.47058823529411764,17
Geely EX9,0.5714285714285714,7
Geely GT,0.6666666666666666,6
Geely GE,0.0,2
Geely EK-2,0.3333333333333333,3
Geely IG,0.0,2
Geely EC6-RV,0.16666666666666666,6
Geely SC7-RV,0.5454545454545454,11
Geely KC,0.875,8
Geely GX6,0.6333333333333333,30
Geely GC9,0.4782608695652174,23
Geely Cross,0.5185185185185185,27
Geely EC8,0.0,6
Geely GX5,0.0,3
Geely EV7,0.0,3
Geely GS,0.15789473684210525,19
Geely SX6,0.90625,32
Chenfeng,0.68,25
Venucia R30,0.0,2
Venucia R50,0.6086956521739131,23
Venucia R50X,0.5185185185185185,27
Venucia ViWa,0.9310344827586207,29
Venucia D50,0.7777777777777778,18
Haval H3,0.6842105263157895,19
Haval H5,0.45454545454545453,11
Haval H6,0.2631578947368421,19
Haval H8,0.6,20
Haval π,0.5,4
Haval IF,0.75,12
Haval H7,0.26666666666666666,15
Haval E,0.5833333333333334,12
Haval H2,0.6666666666666666,30
Junyi,0.7857142857142857,14
Zunludabawang,0.6296296296296297,27
Zunluxiaobawang,0.4444444444444444,18
Minyi,0.5833333333333334,24
Saima,0.5833333333333334,24
Zhongyi V5,0.5454545454545454,22
Lubao,1.0,5
Cross Polo,0.2222222222222222,27
Polo hatchback,0.7142857142857143,7
Polo sedan,0.4,5
GOL,0.625,24
Cross Lavida,0.4,25
Gran Lavida,0.0,1
Lavide,0.9047619047619048,21
Passat,0.2857142857142857,7
Passat Lingyu,0.45454545454545453,22
Santana,0.0,2
Santana Vista,0.125,8
Touran,0.0,2
Tiguan,0.0,4
NMC,0.6521739130434783,23
Polo GTI,0.25,4
Cross Golf,0.64,25
Volkswagen Eos,0.7692307692307693,26
Volkswagen R36,0.6666666666666666,12
Golf GTI convertible ,0.0,3
Golf R,0.4375,16
Golf R convertible ,0.0,2
Golf convertible ,0.0,2
Golf estate,0.5384615384615384,13
Phaeton,0.3333333333333333,33
Beetle,0.3333333333333333,3
Caravelle,0.75,20
Multivan,0.7037037037037037,27
Magotan estate,0.6071428571428571,28
Scirocco,0.4,30
Scirocco R,0.14285714285714285,7
Touareg,0.875,16
Touareg hybrid,0.8695652173913043,23
Sharan,0.6666666666666666,27
Polo abroad version,0.44,25
BlueSport,0.29411764705882354,17
Beetle convertible,0.7142857142857143,21
Variant,0.36363636363636365,11
Amarok Pickup,0.0,2
Cross Coupe,0.0,1
E-Bugster,0.0,3
Passat abroad version,0.8333333333333334,6
CrossBlue,0.0,1
Volkswagen XL1,0.6666666666666666,3
Bulli,0.8823529411764706,17
Buggy Up,0.6666666666666666,24
Jetta abroad version,0.3333333333333333,3
New Compact,0.16666666666666666,6
Routan,0.5833333333333334,12
Taigun,0.2,5
Volkswagen  Up!Lite,0.5555555555555556,18
T-ROC,0.68,25
Tiguan abroad version,0.7931034482758621,29
e-Co-Motion,0.7407407407407407,27
Milano,0.5,22
Nils,0.6666666666666666,24
Space Up,1.0,15
Volkswagen up,0.8,15
Volkswagen Fox,0.0,6
Caddy abroad version,0.9285714285714286,28
Bora,0.2857142857142857,7
Golf,0.25,4
Golf GTI,0.5,10
Jetta,0.5789473684210527,19
Magotan,0.8518518518518519,27
Sagitar,0.9,20
Sagitar GLI,0.8235294117647058,17
Volkswagen CC,0.76,25
Xenia,0.782608695652174,23
Copen,0.3333333333333333,27
Mira,0.75,16
PICO,0.7727272727272727,22
Kopen,0.7894736842105263,19
MATERIA,0.5666666666666667,30
Eastar,0.2,10
Eastar Cross,0.125,24
Fulwin 2 hatchback,0.8421052631578947,19
Fulwin 2 sedan,0.0,3
Chrey A1,0.4166666666666667,12
Chrey A3 hatchback,0.7037037037037037,27
Chrey A3 sedan,0.52,25
Chrey A5,0.6666666666666666,18
Chrey E3,0.8571428571428571,21
Chrey E5,0.14285714285714285,7
Chrey QQ,0.2,5
Chrey QQ3,0.5,22
Chrey QQme,0.5238095238095238,21
Chrey Aika,0.3333333333333333,3
Cowin 1,0.6363636363636364,33
Cowin 2,0.9545454545454546,22
Cowin 3,0.0,4
Cowin 5,0.6363636363636364,22
Tiggo,0.6666666666666666,12
Tiggo 3,1.0,23
Tiggo 5,0.8571428571428571,7
Chrey M14,0.8571428571428571,28
Chrey @ANT,0.75,24
Chrey TX,0.7272727272727273,22
Arrizo 7,0.8636363636363636,22
Besturn B50,0.7307692307692307,26
Besturn B90,0.0,5
Besturn X80,0.6666666666666666,15
Besturn B70,0.6666666666666666,24
Benz C Class,0.7692307692307693,26
Benz C Class hybird,0.45454545454545453,22
Benz GLK Class,0.16666666666666666,12
Benz E Class,0.7297297297297297,37
Benz A Class AMG,0.631578947368421,19
Benz CLS Class AMG,0.4375,16
Benz C Class AMG,0.0,20
Benz GL Class AMG,0.0,2
Benz G Class AMG,0.0,4
Benz M Class AMG,1.0,1
Benz SLK Class AMG,0.9230769230769231,13
Benz SLS Class AMG,0.8846153846153846,26
Benz SL Class AMG,0.1,10
Benz S Class AMG,0.6923076923076923,26
Benz E Class AMG,0.5789473684210527,19
Benz CL Class AMG,0.0,2
Benz GLA Class AMG,0.5,2
Benz Vision AMG,0.5333333333333333,15
AMG GT,0.3333333333333333,3
Benz CLA Class AMG,0.375,16
Sprinter,0.391304347826087,23
Wei Yanuo,0.75,24
Wei Ting,0.12,25
Benz A Class,0.2,25
Benz CLA Class,0.4722222222222222,36
Benz CLS Class,0.12,25
Benz CLS Class Shooting Brake,0.25,8
Benz C Class estate,0.45454545454545453,11
Benz E Class convertible,0.7407407407407407,27
Benz E Class couple,0.38461538461538464,13
Benz GL Class,0.0,5
Benz G Class,0.0,1
Benz M Class,0.4827586206896552,29
Benz R Class,0.5,10
Benz SLK Class,0.5789473684210527,19
Benz SL Class,0.45454545454545453,22
Benz S Class,0.4,5
Benz S Class hybird,0.7428571428571429,35
Sprinter abroad version,0.8695652173913043,23
Style Coupe,0.7727272727272727,22
BlueZero,0.8484848484848485,33
Benz Citan,0.5,28
Benz F800,0.5294117647058824,34
Benz F125,0.6818181818181818,22
Benz GLA Class,0.6086956521739131,23
Benz E Class estate,0.7619047619047619,21
Biome,0.7741935483870968,31
Silver Arrow,0.9245283018867925,53
Benz S Class coupe,0.0,27
Coupe SUV,0.7380952380952381,42
Benz B Class,0.4230769230769231,26
Ener-G-Force,0.9375,16
Benz V Class,0.5714285714285714,14
Unimog,0.5,2
Audi A3 hatchback,0.6875,16
Audi A3 sedan,0.48148148148148145,27
Audi RS5,0.47619047619047616,21
Audi RS7,0.7391304347826086,23
Audi RS4,0.3103448275862069,29
Audi RS Q3,0.8181818181818182,22
Audi RS3,0.5555555555555556,18
Audi TT RS,0.42857142857142855,7
Audi RS6,0.25,4
Audi A1,0.47619047619047616,21
Audi A4L,0.6190476190476191,21
Audi A4 estate,0.631578947368421,19
Audi A5 coupe,0.0,4
Audi A5 hatchback,0.5384615384615384,13
Audi A6 hybrid,0.3,10
Audi A7,0.5,2
Audi A8L,0.5555555555555556,18
Audi A8L hybrid,0.3333333333333333,6
Audi A6L,0.0,1
Audi Q5 hybrid,0.125,8
Audi Q7,0.0,3
Audi R8,0.5217391304347826,23
Audi S5 convertible,0.0,3
Audi S5 coupe,0.9210526315789473,38
Audi S5 hatchback,0.8214285714285714,28
Audi S7,0.4583333333333333,24
Audi S8,0.9285714285714286,14
Audi Q3,0.36,25
Audi SQ5,0.8125,32
Audi TTS convertible,0.7083333333333334,24
Audi TTS coupe,0.5,30
Audi TT convertible,0.5833333333333334,36
Audi TT coupe,0.42857142857142855,7
Audi A2,0.5925925925925926,27
Audi quattro,0.4,20
Audi Urban,0.25,28
Audi Cross,0.6363636363636364,11
Audi Q5,0.8,15
Audi e-tron,0.0,3
Audi S3 hatchback,0.8888888888888888,9
Audi R18,0.5,2
Audi A3 convertible,0.0,7
Audi A3 e-tron,0.42857142857142855,7
Audi S1,0.375,8
Allroad,0.8571428571428571,7
Crosslane Coupe,0.25,8
Audi S3 sedan,0.3333333333333333,3
Audi S4,0.391304347826087,23
Nanuk,0.9285714285714286,28
Audi TT offroad,0.7037037037037037,27
Audi A6,0.2413793103448276,29
Wiesmann Roadster,0.625,16
Wiesmann Spyder,0.0,10
Wiesmann GT,0.2692307692307692,26
WeaLink H3,0.28,25
WeaLink V5,0.35714285714285715,28
WeaLink X5,0.6363636363636364,22
BWM 6 Series,0.7333333333333333,15
BWM 7 Series,0.6363636363636364,22
BWM 7 Series hybrid,0.4090909090909091,22
BWM X3,0.25,4
BWM X4,0.5263157894736842,19
BWM X5,0.6666666666666666,27
BWM X6,0.7307692307692307,26
BWM X6 Series hybrid,0.0,10
BWM Z4,1.0,7
BWM i3,1.0,22
BWM i8,0.4117647058823529,17
ConnectedDrive,0.7,10
EfficientDynamics,0.9,10
Active Tourer,0.7272727272727273,11
Isetta,0.6296296296296297,27
BWM 1 Series hatchback,0.39285714285714285,28
Zagato Coupe,0.0,3
BWM GINA,0.2413793103448276,29
BWM 2 Series Active Tourer,0.7727272727272727,22
Vision Future Luxury,0.7333333333333333,15
BWM 3 Series,0.0,1
BWM X1,0.7142857142857143,35
BWM 5 Series,0.5555555555555556,27
BWM 1 Series M,0.11538461538461539,26
BWM M3 coupe,0.35294117647058826,17
BWM M3,0.7142857142857143,14
BWM M4 coupe,0.6,20
BWM M5,0.0,7
BWM M6 coupe,0.7777777777777778,18
BWM M6,0.8333333333333334,6
BWM X5 M,0.6666666666666666,9
BWM X6 M,0.6,5
BWM M3 convertible,0.6428571428571429,28
BWM 1 Series convertible,0.9130434782608695,23
BWM 1 Series couple,1.0,10
BWM 2 Series,1.0,8
BWM 3 Series GT,1.0,7
BWM 3 Series convertible,0.36,25
BWM 3 Series hybrid,0.0,5
BWM 3 Series estate,0.6666666666666666,24
BWM 3 Series coupe,0.45454545454545453,22
BWM 4 Series convertible,0.6129032258064516,31
BWM 4 Series couple,0.4,20
BWM 4 Series,0.3548387096774194,31
BWM 5 Series GT,0.48148148148148145,27
BWM 5 Series hybrid,0.46153846153846156,26
BWM 5 Series estate,0.5384615384615384,26
BWM 6 Series convertible,0.8235294117647058,17
BWM 6 Series couple,0.2222222222222222,27
Baojun 610,0.45454545454545453,11
Baojun 630,0.6470588235294118,17
Baojun 730,1.0,4
Lechi,0.3333333333333333,6
Baojun 610 CROSS,1.0,15
Flying Spur,0.7272727272727273,22
Super Sport,0.75,12
Bentley Falcon,0.5555555555555556,18
Brooklands,0.2,10
Arnage,0.6086956521739131,23
Mulsanne,0.8148148148148148,27
Brabus S Class,0.11764705882352941,17
Brabus GL Class,0.9130434782608695,23
Brabus M Class,0.8148148148148148,27
Brabus smart fortwo,0.0,2
Brabus CLS Class,0.5238095238095238,21
Brabus A Class,0.5,8
Brabus B Class,0.75,4
Brabus CL Class,0.5,6
Brabus G Class,0.5384615384615384,13
Brabus SLK Class,0.0,5
Brabus SLS Class,0.0,2
Brabus SL Class,0.08333333333333333,12
Brabus E Class,0.0,7
Veyron,0.0,4
Galibier,0.75,4
Huayra,0.25,12
Chuanqi GA3,0.0,4
Chuanqi GA5,0.07692307692307693,13
Chuanqi GS5,0.3333333333333333,3
E-jet,0.25,12
e-linker,0.0,5
Cabrio-Coupe,0.8,10
Trumpchi GA3S horizon,0.6470588235294118,17
E Mei,0.9285714285714286,14
GX6,0.0,4
Saboo G3,0.7272727272727273,11
Saboo G5,0.6153846153846154,13
Saboo GX5,0.6428571428571429,28
Caiyun 100,0.2777777777777778,18
Caiyun 300,0.375,8
Caiyun 500,0.0,3
Shuaibao,0.5,4
Shuaijian,0.5714285714285714,7
Xinglang,1.0,19
Xingwang,0.9310344827586207,29
Xingwang CL,1.0,3
Xingwang L,0.625,16
Xingwang M1,1.0,4
GP150,0.7,20
Youjin,0.7142857142857143,7
Youya,0.5882352941176471,17
Youyou,0.5238095238095238,21
Youpai,0.631578947368421,19
Yousheng,0.4,5
Ciimo,0.7083333333333334,24
Tuteng T1,0.2727272727272727,11
Tuteng T3,0.7058823529411765,17
Tuteng T2,0.9032258064516129,31
Gaguar F-TYPE,0.0,3
Gaguar XJ,0.3333333333333333,12
Gaguar XK,0.0,1
Gaguar C-TYPE,0.0,3
Gaguar E-TYPE,0.0,2
Gaguar C-X17,0.0,3
Gaguar XF,1.0,1
Morgan Plus 8,0.75,8
Morgan 4-4,0.0,1
Morgan Aero,0.5833333333333334,12
Outback,1.0,22
Legacy,0.7368421052631579,19
Legacy estate,0.8095238095238095,21
Forester,0.0,2
Subaru BRZ,0.4,20
Subaru XV,0.5833333333333334,24
Impreza hatchback,0.7777777777777778,27
Impreza sedan,0.5789473684210527,19
Trezia,0.3333333333333333,9
Viziv,0.17391304347826086,23
Subaru WRX,0.4444444444444444,18
LEVORG,0.26666666666666666,15
Tribeca,0.45454545454545453,33
Fabia,0.6,5
Octavia,0.09090909090909091,11
Octavia RS,0.0,1
Superb,1.0,2
Yeti,0.8,5
Haorui,0.75,4
Rapid Spaceback,0.6666666666666666,3
Rapid,0.8947368421052632,19
Fabia Scout,0.0,1
Yeti abroad version,0.4594594594594595,37
Citigo,0.36,25
Mission L,0.625,16
Roomster,0.631578947368421,19
Octavia abroad version,0.5909090909090909,22
Octavia RS abroad version,0.4166666666666667,24
Vision D,0.9090909090909091,22
VisionC,0.6296296296296297,27
CitiJet,0.3333333333333333,9
Superb Derivative,0.6111111111111112,18
Kaisheng 2,1.0,1
Murano,0.0,5
X-Trail,0.6451612903225806,31
Teana,0.47619047619047616,21
New Sylphy,0.0,8
Sylphy,0.8,15
Sunshine,0.0,1
Yida,0.25,4
Qashqai,0.5333333333333333,15
Livina,0.6666666666666666,18
Tiida,0.0,2
Ma Chi,0.8333333333333334,12
Paladin,0.8666666666666667,30
Nissan D22 Pickup,0.0,8
Nissan D22 Cargo,0.8125,16
Nissan NV200,0.8571428571428571,7
Palazzi,0.5,2
Bilian,0.5454545454545454,11
Nissan 370Z,0.6666666666666666,6
Nissan GT-R,0.8,15
Nissan Juke,0.125,8
Patrol ,0.14285714285714285,7
Nissan Cube,0.0,10
Nissan NUVU,0.75,16
Leaf,0.3333333333333333,3
Pathfinder,0.0,5
Versa,0.24,25
Resonance,0.7222222222222222,18
Friend-ME,0.14814814814814814,27
Extrem,0.3,30
DeltaWing,0.0,3
Frontier,0.6666666666666666,27
Hi-Cross,0.6666666666666666,24
Invitation,0.6190476190476191,21
Sentra,0.5,12
Terra,0.5789473684210527,19
Titan,0.6,20
Nissan NV3500,0.6538461538461539,26
Armada,0.28125,32
Rogue,0.0,6
BladeGlider,0.0,8
Sports Sedan,0.8181818181818182,22
Pulsar,0.9,20
2021 Vision Gran Turismo,0.0,1
Quest,0.25,12
IDX,0.3,10
Lannia Concept,0.5,4
Navara,0.9,20
Altima,0.0,4
Ideal,0.0,1
Funyun,0.6111111111111112,18
Furuida,0.9523809523809523,21
Ranz,0.6153846153846154,26
Odyssey,0.5555555555555556,36
City,0.5294117647058824,34
Crosstour,0.7619047619047619,21
Crider,0.6,25
Accord,0.65,20
Vezel,0.5454545454545454,22
Fit,0.5,22
Honda CR-Z,0.5789473684210527,19
Fit hybrid,0.5,20
Civic hybrid,0.5,28
Honda Legend,0.13636363636363635,22
Honda S2000,0.4666666666666667,30
Honda Urban,0.4418604651162791,43
Honda Gear,0.3333333333333333,9
Honda NSX,0.7037037037037037,27
Honda CONCEPT M,0.47619047619047616,21
Honda EV-Ster,0.78125,32
Honda Ridgeline,0.5652173913043478,23
Honda Step Bus,0.5238095238095238,21
Honda AC-x,0.5454545454545454,22
Honda FCX,0.9310344827586207,29
Honda HSV-010 GT,0.7142857142857143,21
Honda N BOX,0.8333333333333334,24
Honda ONE,0.7391304347826086,23
Honda P-NUT,0.25925925925925924,27
Honda SUT,0.8,25
Honda Brio,0.7727272727272727,22
Honda N-WGN,0.7391304347826086,23
Honda HR-V,0.5263157894736842,19
Honda Insight,0.6521739130434783,23
Elysion,0.4230769230769231,26
Jade,0.45454545454545453,22
Spirior,0.47619047619047616,21
Civic,0.2857142857142857,7
Honda CR-V,0.2,5
Lincoln MKS,0.6551724137931034,29
Lincoln MKT,0.32142857142857145,28
Lincoln MKX,0.3333333333333333,3
Lincoln MKZ,0.5555555555555556,18
Navigator,0.8095238095238095,21
Lincoln MKC,0.4,5
CROSS 207,0.3333333333333333,15
Peugeot 2008,0.5,4
Peugeot 207 hatchback,0.5555555555555556,18
Peugeot 207 sedan,0.8333333333333334,6
Peugeot 3008,1.0,2
Peugeot 301,0.8,5
Peugeot 307 hatchback,0.6666666666666666,6
Peugeot 307 sedan,0.42857142857142855,21
Peugeot 308,0.6666666666666666,9
Peugeot 408,0.35294117647058826,17
Peugeot 508,0.6363636363636364,11
CROSS 307,0.0,2
Peugeot 207CC,0.5,2
Peugeot 308SW,0.6666666666666666,9
Peugeot 4008,0.8888888888888888,9
Peugeot RCZ,1.0,2
Peugeot 107,0.0,1
Peugeot 508 abroad version,0.7857142857142857,14
Peugeot 208,0.6666666666666666,21
Peugeot 308 abroad version,0.22727272727272727,44
Urban Crossover,0.0,7
Peugeot 5008,0.5652173913043478,23
Peugeot BB1,0.391304347826087,23
Peugeot EX1,0.29411764705882354,17
Peugeot HR1,0.0,1
Peugeot HX1,0.5714285714285714,28
Peugeot iON,0.6428571428571429,28
Peugeot Onyx,0.6111111111111112,18
Peugeot SR1,0.4090909090909091,22
Peugeot SXC,0.5909090909090909,22
Peugeot 108,0.3333333333333333,3
EXALT,0.0,8
Peugeot 308CC,0.75,16
Antara,0.36363636363636365,22
Zafira,0.0,4
GTC convertible,0.0,2
GTC hatchback,0.0,4
GTC sedan,0.0,2
Insignia,0.7142857142857143,14
Opel AMPERA,0.4444444444444444,27
Opel CORSA,0.5,20
Opel Adam,0.6470588235294118,17
Opel Combo,0.5,32
Opel Mokka,1.0,2
Opel Monza,0.5714285714285714,7
Meriva,0.0,2
Oley hatchback,0.0,2
BYD F0,0.5,2
BYD F3DM,1.0,4
BYD F3R,0.0,7
BYD F6,0.2,15
BYD G3,0.0,4
BYD G3R,0.875,8
BYD G5,0.8,20
BYD G6,0.7916666666666666,24
BYD L3,0.8421052631578947,19
BYD M6,0.65,20
BYD S6,0.21428571428571427,14
BYD S7,0.6666666666666666,30
BYD e6,0.7,20
Qin,0.75,24
Si Rui,0.03333333333333333,30
Su Rui,0.2222222222222222,9
BYD F3,0.46153846153846156,13
Lieying,0.25,4
Yongyuanwuxing,0.0,6
Yongyuan A380,0.8888888888888888,9
Yisitanna,0.3333333333333333,3
Binyue,0.0,7
Heyue A30,0.6470588235294118,17
Heyue RS,0.68,25
Heyue iEV,0.42424242424242425,33
Ruifeng,0.3,10
Ruifeng M3,0.55,20
Ruifeng M5,0.3333333333333333,18
Ruifeng S3,0.5675675675675675,37
Ruifeng S5,0.0,8
Ruiling,0.25,12
Ruiying,0.0,1
Tongyue,0.8571428571428571,14
Tongyue Cross,0.42105263157894735,19
Tongyue RS,0.875,8
Xingrui,0.2857142857142857,7
Yueyue,0.8461538461538461,13
Yueyue CROSS,0.7,10
Heyue SC,0.7307692307692307,26
Heyue A20,0.4782608695652174,23
Ruifeng M6,0.5454545454545454,22
Vision IV,0.75,4
Ruifeng A6,0.0,1
Heyue,1.0,5
Baodian,0.6666666666666666,9
Kairui,0.5555555555555556,18
Kaiwei,0.7,20
New Yusheng S350,0.6153846153846154,13
Yuhu,0.0,12
Yuesheng S350,0.5,2
Vauxhall Antara,0.5789473684210527,19
Vauxhall Adam,0.6363636363636364,11
Vauxhall Cascada,0.6470588235294118,17
Vauxhall Corsa,0.5789473684210527,19
Vauxhall Insignia,0.4,10
Vauxhall Meriva,0.0,2
Vauxhall Mokka,0.4,5
Vauxhall VXR8,0.782608695652174,23
Vauxhall Astra,0.8888888888888888,9
Volvo C30,0.7368421052631579,19
Volvo S60,0.0,3
Volvo V40 CrossCountry,0.7,30
Volvo V60,0.0,5
Volvo XC60,0.68,25
Volvo XC90 abroad version,0.8214285714285714,28
Volvo S80,0.6296296296296297,27
Volvo V50,0.48148148148148145,27
Volvo V70,0.625,24
Volvo XC70,0.7777777777777778,27
Universe,0.7096774193548387,31
Volvo You,0.5555555555555556,9
Air Motion,0.3333333333333333,6
Volvo Coupe,0.6896551724137931,29
Volvo XC Coupe,0.25,4
ESTATE,0.75,12
Volvo C70,0.7878787878787878,33
Volvo S40,0.6818181818181818,22
Volvo S80L,0.6842105263157895,19
Volvo S60L,0.5428571428571428,35
Volvo XC Classic,0.6818181818181818,22
Volvo S60L hybrid,0.6666666666666666,39
Ferrari 458,0.6363636363636364,22
Ferrari 599,0.8076923076923077,26
Ferrari FF,0.9,60
LaFerrari,0.782608695652174,23
Sergio,0.7777777777777778,18
F12berlinetta,0.46875,32
Haige H5C,0.64,25
Longwei,0.0,10
Yujun,0.8333333333333334,6
Haige H5V,0.0,5
Fumeilai,0.0,2
Fumeilai VS,0.3125,16
Haifuxing,0.4666666666666667,15
Haima 3,0.26666666666666666,15
Haima M3,0.2857142857142857,7
Haima M8,0.5454545454545454,22
Haima S5,0.7916666666666666,24
Haima S7,0.6,20
Haimaqishi,0.4375,16
Haydo,0.6470588235294118,17
Premacy,0.6,20
Qiubite,0.0,6
Haima M6,0.8055555555555556,36
Family M5,1.0,1
FOS,0.875,8
Haima Prince,0.0,1
Haima Me,0.9090909090909091,11
Haima C2,0.5,4
Haima C3,0.48148148148148145,27
Baimawangzi,0.7419354838709677,31
Qiangwawangzi,0.7272727272727273,22
Haimaaishang,0.75,28
Feiling Pickup,0.9130434782608695,23
Feiteng C5,0.5,4
Cheetah CS6,0.0,3
Cheetah CS7,0.0,1
Feiteng,0.0,2
Ghibli,1.0,6
Quattroporte,0.0,2
GranCabrio,1.0,1
Levante,0.0,2
Alfieri,0.0,1
Maserati GT,0.0,1
Sonata abroad version,0.6756756756756757,37
Accent abroad version,0.5384615384615384,13
Elantra abroad version,0.25,4
Veloster,0.0,1
i30,0.7142857142857143,7
ix35,0.7368421052631579,19
Avante,0.0,5
Sonata,0.0,2
Mistra,0.0,2
Moinca,0.1,20
Santafe,0.0,4
Rena,0.0,3
Verna,0.7777777777777778,9
Sonata 8,0.6666666666666666,24
Tucson,0.7058823529411765,17
Accent,0.8571428571428571,28
Elantra,0.48,25
Elantra Yuedong,0.9545454545454546,22
ix25,0.6451612903225806,31
Sonata hybrid,0.2608695652173913,23
Grand SantaFe,0.0,7
Wagon,0.0,1
Genesis,0.75,20
Rohens,0.6666666666666666,24
Rohens Coupe,0.5833333333333334,24
Veracruz,0.48,25
Equus,0.36363636363636365,11
Grandeur,0.5517241379310345,29
i20,0.0,5
Tucson abroad vresion,0.0,3
i40,0.0,1
Hyundai i-oniq,0.0,1
Hyundai HB20,0.0,1
Hyundai HND-9,0.47619047619047616,21
Blue2,0.7777777777777778,18
Curb,0.8333333333333334,18
Hexa Space,0.36363636363636365,11
Nuvis,0.6153846153846154,26
ix20,0.3333333333333333,24
Hyundai RB,0.7777777777777778,18
Linian S1,0.625,16
Riich G3,0.6666666666666666,6
Riich G6,0.5,4
Riich M1,0.14285714285714285,7
Riich M5,0.0,2
Ruiqi G5,1.0,12
Qiteng M70,0.6538461538461539,26
escort,0.625,24
Fiesta sedan,1.0,15
Classic Focus hatchback,0.3157894736842105,19
Classic Focus sedan,0.5416666666666666,24
S-MAX,0.3157894736842105,19
New Focus hatchback,0.1111111111111111,9
New Focus sedan,0.2,10
Ecosport,0.6666666666666666,24
Kuga,0.75,20
Mendeo Zhisheng,0.35714285714285715,14
Mendeo,0.0,7
Fiesta hatchback,0.18518518518518517,27
Transit,0.5294117647058824,17
Focus ST,0.0,1
Ford F-150,0.7407407407407407,27
Ford F-250,0.4444444444444444,18
Ford F-350,0.18181818181818182,11
Ford F-650,0.0,7
Fiesta ST,0.5333333333333333,30
Edge,0.46153846153846156,13
Explorer,0.038461538461538464,26
Mustang,0.5,2
Ford Ka,0.6842105263157895,19
Ford Flex,0.0,2
Ford iosis max,0.0,2
Ford Taurus,1.0,1
Atlas,0.0,1
Ford Transit,0.0,1
Ford B-MAX,0.8,5
Ford C-MAX,0.0,1
Escort,0.0,2
Airstream,0.0,4
Falcon,0.0,7
Galaxy,0.2222222222222222,9
Ranger,0.4,20
Territory,0.5,2
Tourneo Courier,0.0,2
Tourneo Custom,0.0,2
Ford Evos,0.6666666666666666,3
S-MAX abroad version,0.6875,16
Fiesta abroad version,0.3333333333333333,12
Expedition,0.13043478260869565,23
Super Duty,0.5714285714285714,14
Focus abroad version,0.9,10
Troller,1.0,27
Ford E,0.8214285714285714,28
Formula,0.68,25
Taurus,0.53125,32
Fengjing,0.8571428571428571,28
Fengjing G7,0.5714285714285714,7
Fengjing Kuaiyun,0.2916666666666667,24
Mengpaike E,0.5,36
Mengpaike S,0.4827586206896552,29
Midi,0.6190476190476191,21
Fukuda,0.6,30
Tansuozhe,1.0,2
Tansuozhe III,0.5,4
Xiaochaoren,0.0,3
Xiongshi,0.6428571428571429,28
Xiongshi F16,0.0,4
Tansuozhe II,0.18181818181818182,11
Koenigsegg Agera,0.5,10
Koenigsegg CCR,0.625,8
One_1,0.375,16
Koenigsegg CCXR,0.4444444444444444,9
Hong Qi H7,0.4,15
Hong Qi L5,0.8695652173913043,23
Hong Qi SUV,0.6956521739130435,23
MASTER CEO,0.2222222222222222,9
7 SUV,0.2857142857142857,7
Luxgen 5 Sedan,0.92,25
You 6 SUV,0.48148148148148145,27
7 MPV,0.26666666666666666,30
SAAB D50,0.5909090909090909,22
SAAB D70,0.45161290322580644,31
SAAB D60,0.5357142857142857,28
Denza,0.4,15
Enranger G3,0.8260869565217391,23
ESQ,0.6764705882352942,34
Infiniti Q50,0.6363636363636364,22
Infiniti Q50 hybrid,0.5,4
Infiniti Q60,0.8333333333333334,6
Infiniti Q60S,1.0,20
Infiniti Q70L,0.36363636363636365,11
Infiniti Q70L hybrid,0.6,5
Infiniti QX50,0.8636363636363636,22
Infiniti QX60,0.0,1
Infiniti Q60 hybrid,0.625,8
Infiniti QX70,0.18181818181818182,11
Infiniti QX80,0.6875,16
Essence,0.4074074074074074,27
Emerg-E,0.24,25
Etherea,0.6,20
Infiniti LE,0.6153846153846154,26
Infiniti Q30,0.5769230769230769,26
Infiniti Q40,0.9473684210526315,19
Infiniti G Class,0.41379310344827586,29
Infiniti Q50L,0.5,14
Roewe 350,0.5833333333333334,36
Roewe 550 hybrid,1.0,24
Roewe 750,0.8333333333333334,6
Roewe 750 hybrid,0.6,10
Roewe 950,0.4,5
Roewe E50,0.6086956521739131,23
Roewe W5,0.7,20
Roewe 550,0.3333333333333333,3
Jingyue,0.8,15
Lotus L3 hatchback,0.8235294117647058,17
Lotus L5,0.8695652173913043,23
Lotus L3 sedan,1.0,2
Feixiang,1.0,2
Zhiyue,0.41379310344827586,29
Palio,0.6666666666666666,3
Bravo,0.3333333333333333,3
FIAT 500C,0.0,5
Freemont ,0.6,5
Linea,0.9,10
Punto,0.38461538461538464,26
FIAT Fiorino Qubo,0.6,5
Doblo,1.0,1
FIAT 500L,0.75,4
FIAT Idea,0.75,8
FIAT Panda,0.7083333333333334,24
FIAT Strada,0.85,20
FIAT Uno,0.8571428571428571,14
FIAT 126P,0.5862068965517241,29
FIAT 500,0.7,30
SAAB 95,0.23076923076923078,39
SAAB 9X,0.5333333333333333,15
Lancia Flavia,0.39285714285714285,28
Lancia Thema,0.4,20
Lancia Voyager,0.625,16
Lancia Ypsilon,0.675,40
Lancia Delta,0.4166666666666667,12
Lancia Stratos,1.0,4
Alhambra,0.5,4
Seat IBL,0.875,8
Seat LEON,0.0,1
Ibiza,0.8,5
Ibiza estate,0.5454545454545454,22
Seat ALTEA,0.3333333333333333,18
Seat EXEO,0.7083333333333334,24
Seat IBX,0.5555555555555556,9
Seat Mii,0.8421052631578947,19
Seat IBE,0.3333333333333333,12
Qoros 3,0.8,20
Quros 9,0.23076923076923078,13
Quros 3 hatchback,0.42857142857142855,28
Acura ILX,0.45454545454545453,22
Acura MDX,0.8333333333333334,24
Acura RDX,0.782608695652174,23
Acura RL,0.8666666666666667,15
Acura RLX,0.8518518518518519,27
Acura TL,0.0,3
Acura ZDX,0.6923076923076923,26
Acura NSX,0.08695652173913043,23
Acura SUV-X,0.9411764705882353,17
Acura TLX,0.7619047619047619,21
Acura ILX hybrid,0.43478260869565216,23
Forte,0.26666666666666666,15
KIA K2 sedan,0.6190476190476191,21
KIA K3S,0.8333333333333334,6
KIA K4,0.0,2
KIA K5,0.058823529411764705,17
RIO,0.45161290322580644,31
Cerato,0.15789473684210525,19
Sportage,0.8421052631578947,19
Soul,0.16666666666666666,30
Sportage R,0.6190476190476191,21
KIA K2 hatchback,0.0,1
Borrego,0.8571428571428571,28
KIA K5 hybrid,0.660377358490566,53
KIA VQ,0.8666666666666667,15
KIA VQ-R,0.5625,16
Shuma,0.6428571428571429,28
Sorento,0.782608695652174,23
New Carens,0.045454545454545456,22
KIA venga,0.5,20
SPORTAGE,0.46153846153846156,26
KIA GT,0.6,20
KIA Picanto,0.5357142857142857,28
KIA Ceed,0.1,20
KIA Trackster,0.5161290322580645,31
KIA K9,0.6666666666666666,15
KIA Forte,0.7391304347826086,23
KIA Provo,0.0,3
KIA CUB,0.7619047619047619,21
KIA Optima,0.75,24
KIA Cross GT,0.5454545454545454,22
KIA Ray EV,0.84,25
KIA Niro,0.6666666666666666,30
GT4 Stinger,0.125,24
Sedona,0.21428571428571427,28
Kaizun,0.25,28
Elise,0.0,11
Exige,0.4666666666666667,30
Elan,0.6071428571428571,28
Elite,0.75,44
Eterne,0.5925925925925926,27
Evora,0.7307692307692307,26
Discovery,0.43478260869565216,23
Range Rover,0.7894736842105263,19
Range Rover hybrid,0.36,25
Evoque,0.5714285714285714,21
Range Rover Sport,0.4864864864864865,37
Freelander,0.14285714285714285,7
Defender,0.6666666666666666,18
Land Rover DC100,0.0,1
‘Vision,0.25,4
McLaren 12C,0.5,6
McLaren P1,0.5625,16
McLaren X-1,0.3333333333333333,6
McLaren 650S,0.8064516129032258,31
Maybach,0.0,2
Ram,0.5,2
Journey,0.0,4
Challenger ,0.14285714285714285,7
Durango,0.8666666666666667,15
Avenger,0.5416666666666666,24
Dart,0.9090909090909091,11
Charger,0.7647058823529411,17
Viper,1.0,6
Circuit EV,0.9,30
Rampage,0.6,15
Dodge M80,0.7,30
Nitro,0.72,25
Charger SRT,0.4444444444444444,18
Challenger SRT,1.0,34
Viper SRT,0.9,10
Caliber,0.7,20
Mustang F16,0.6363636363636364,22
Mustang F99,0.7083333333333334,24
Mustang A-MPV,0.6571428571428571,35
Mustang T70,0.5,2
Mustang M31D,0.6857142857142857,35
Mustang M302,0.5777777777777777,45
Mustang F12,0.5,38
Jinlvhaishi,0.0,3
Dahaishi,0.6111111111111112,18
Geruisi,0.5476190476190477,42
Haishi,0.0,1
Haixing,0.5517241379310345,29
Jinbei S50,0.0,10
Jindian,0.8148148148148148,27
Leilong,0.6785714285714286,28
New Haishi,0.6666666666666666,12
Zhishang S30,0.06666666666666667,15
Dalishen,0.0,7
Alto,0.4230769230769231,26
Cultus,0.6666666666666666,21
Alivio,0.782608695652174,23
Tianyu SX4 hatchback,0.7142857142857143,21
Tianyu SX4 sedan,0.0,2
Tianyushangyue,0.3684210526315789,19
Yuyan,0.0,1
Fengyu,0.4666666666666667,15
Grand Vitara,0.3333333333333333,6
Kazishi,0.7692307692307693,26
Swift,0.6666666666666666,9
S-CROSS abroad version,0.5,14
SX4 S-CROSS,0.7307692307692307,26
Regina,0.9545454545454546,22
Authentics,0.0,3
Suzuki iV-4,0.4166666666666667,12
Crosshiker,0.0,3
X-Lander,0.5,2
Jimny,0.875,24
Bei Douxing,0.6923076923076923,13
Liana A6 hatchback,0.7777777777777778,9
Liana A6 sedan,0.38461538461538464,13
Liana hatchback,0.6538461538461539,26
Liana sedan,0.3333333333333333,3
Splash,1.0,6
Landy,0.2,5
Great Wall C20R,0.21739130434782608,23
Great Wall C50,0.5714285714285714,14
Great Wall M1,0.25,4
Great Wall M2,0.9411764705882353,17
Great Wall M4,0.2631578947368421,19
Great Wall V80,0.0,1
Wingle 3,0.0,4
Wingle 5,0.14285714285714285,7
Wingle 6,0.42857142857142855,28
Jindier,0.5,22
Jingling,0.23529411764705882,17
Kuxiong,0.375,16
Lingao,0.14285714285714285,14
Xuanli,0.5,28
Xuanli CROSS,0.7619047619047619,21
Oula,0.5,40
Great Wall C70,0.6206896551724138,29
Great Wall C30,0.0,6
Changan Ounuo,0.8666666666666667,30
Changan Xiaoka,0.782608695652174,23
Changan Xingka,0.6666666666666666,24
Changan Star,0.45454545454545453,11
Changan Star 7,0.4166666666666667,12
Changan Star S460,0.5,18
Oulove,0.7142857142857143,7
Zunxing,0.6,15
Ruixing,0.07692307692307693,13
Changan Shenqi,0.625,8
Benben,0.9090909090909091,11
Benben MINI,0.7272727272727273,22
Changan CS35,0.0,3
Changan CS75,0.796875,64
Changan CX20,0.9285714285714286,28
Changan CS30 hatchback,0.85,40
Changan CS30 sedan,0.5,16
Yidong,0.625,8
Yuexiang V3,0.4,10
Yuexiang V5,0.5,8
Yuexiang hatchback,0.8214285714285714,28
Yuexiang sedan,0.0,6
Zhishang XT,0.2,5
Ruiping,0.8,25
Zhixiang,0.6296296296296297,27
Changan CS95,0.5,8
Changan VOSS,0.15384615384615385,13
Benben LOVE,0.4583333333333333,24
MiTo,0.5416666666666666,24
159,0.75,32
Giulietta,0.5,4
4C,0.6428571428571429,28
2uettottanta,0.6190476190476191,21
TZ3,0.7894736842105263,19
Disco Volante,0.3333333333333333,9
Gloria,0.0,4
8C,0.5862068965517241,29
DB9,0.0,5
Rapide,0.8333333333333334,24
V12 Vantage,0.7,10
V8 Vantage,0.3684210526315789,19
Vanquish,0.6470588235294118,17
Virage,0.7619047619047619,21
Zagato,0.8,25
ONE-77,0.8571428571428571,21
Cygnet,0.0,2
Lagonda,0.6521739130434783,23
CC100,0.5217391304347826,23
DBS,0.8333333333333334,12
Fshion,0.21428571428571427,14
Landwind X8,0.6538461538461539,26
Landwind X5,0.631578947368421,19
Fujia,0.0,6
AVEO hatchback,0.5714285714285714,14
Trax,0.09090909090909091,11
Epica,0.4666666666666667,15
Cruze sedan,1.0,2
Cruze hatchback,1.0,2
Captiva,0.0,3
Aveo,0.8333333333333334,30
Lova,0.7692307692307693,13
Malibu,0.4,10
Sail hatchback,0.3333333333333333,12
Sail sedan,0.46153846153846156,13
Sail SPRINGO,0.5833333333333334,24
Aveo sedan,0.1111111111111111,9
Volt,0.32142857142857145,28
Spark,0.5789473684210527,19
CHEVY Traverse,0.5555555555555556,27
CHEVY Beat,0.5882352941176471,17
CHEVY Orlando,0.37037037037037035,27
Sonic,0.75,4
Cruze abroad version,0.3333333333333333,3
CHEVY Trax,1.0,2
Corvette,0.6666666666666666,21
Silverado,0.16666666666666666,6
CHEVY SS,0.9375,16
Agile,0.5,8
Caprice,0.8333333333333334,24
Colorado,0.47619047619047616,21
Equinox,0.25,4
Impala,0.7272727272727273,11
TrailBlazer,0.0,2
Cobalt,0.0,9
CHEVY Code,0.8333333333333334,6
CHEVY Miray,0.8823529411764706,17
CHEVY Onix,0.8125,16
CHEVY Tahoe,0.0,1
CHEVY Tru,0.0,1
Express,0.5833333333333334,12
Suburban,0.0,2
City Express,0.6923076923076923,26
Camaro,0.7222222222222222,18
C2 Cross,0.15384615384615385,13
c-Elysee sedan,0.14285714285714285,7
Triomphe,0.75,8
Elysee,0.0,1
Quatre Cross,0.7777777777777778,9
Quatre hatchback,0.42105263157894735,19
Quatre sedan,0.6363636363636364,11
Citroen C2,0.6,5
Citroen C4L,0.125,8
Citroen C5,0.21739130434782608,23
c-Elysee hatchback,0.6428571428571429,14
C4 Aircross,0.3076923076923077,26
Citroen C4,0.3,30
Citroen C3,0.0,3
C3 Picasso,0.75,12
C-Zero,0.6,5
Citroen C-Elysee,0.5185185185185185,27
Technospace,0.5833333333333334,24
Lacoste,1.0,15
Metropolis,0.0,3
REVOLTe,0.8571428571428571,7
Survolt,0.6666666666666666,24
Tubik,0.09090909090909091,33
Citroen C-Crosser,0.5,6
Citroen GQ,0.5714285714285714,28
Citroen GT,0.6153846153846154,26
Cactus,0.56,25
Citroen C1,0.23809523809523808,21
B14,0.375,16
Grand C4 Picasso,0.0,2
Lexus CT,0.2222222222222222,9
Lexus ES hybrid,0.7272727272727273,33
Lexus GS,0.09090909090909091,11
Lexus GS hybrid,0.28,25
Lexus GX,0.6206896551724138,29
Lexus IS,0.725,40
Lexus IS convertible ,0.46153846153846156,13
Lexus LF-A,0.36363636363636365,22
Lexus LS,0.6363636363636364,22
Lexus LS hybrid,0.45,20
Lexus LX,0.75,24
Lexus RC,0.43333333333333335,30
Lexus RX,1.0,3
Lexus RX hybrid,0.7058823529411765,17
Lexus LF-Xh,0.4117647058823529,17
Lexus HS,0.2,5
Lexus LF-LC,0.7333333333333333,15
Lexus LF-CC,0.6071428571428571,28
Lexus LF-Gh,0.5,4
Lexus LF-NX,1.0,5
Lexus NX,1.0,7
Lexus ES,0.875,8
Renault Scenic,0.5454545454545454,22
Wind Lang,0.625,8
Koleos,0.7586206896551724,29
Laguna,0.4166666666666667,24
Laguna Gu Bbe,0.6428571428571429,28
Megan Aa,0.0,7
Tower Siman,0.625,24
Latitude,0.47619047619047616,21
Cleo,0.6842105263157895,19
Reno Wind,0.7666666666666667,30
Reno Captur,0.4444444444444444,27
Reno Frendzy,0.5357142857142857,28
Reno ZOE,0.5384615384615384,26
Reno Twizy,0.75,16
Reno Symbol,0.5833333333333334,12
Reno R-Space,0.0,1
Reno Twingo,0.8,25
Reno Alpine,0.0,1
Reno Twin-Run,1.0,10
Reno Twin-Z,0.7727272727272727,22
Reno Kwid,0.5,20
Scenic,0.75,24
Shouwang,0.5151515151515151,33
Atenza,0.47619047619047616,21
Mazda 8,0.8,5
Mazda CX7,0.75,20
Ruiyi,0.4864864864864865,37
Ruiyi coupe,0.17391304347826086,23
Mazda 6,0.5,2
ATENZA,0.8181818181818182,11
Mazda CX-9,0.3333333333333333,3
Mazda MX-5,0.6666666666666666,9
Mazda 3 abroad version,0.4,5
Mazda RX-8,0.0,4
Takeri,0.9090909090909091,11
Mazda 7 Wagon,0.3333333333333333,12
Shinari,1.0,1
Hazumi,0.35,20
Axela hatchback,0.0,2
Mazda 2,0.125,8
Mazda 2 sedan,0.2222222222222222,9
Mazda 3,0.9285714285714286,14
Mazda 3 Xingcheng hatchback,0.7391304347826086,23
Mazda 3 Xingcheng sedan,0.2857142857142857,7
Mazda CX-5,0.5384615384615384,26
Axela sedan,0.7,10
Aolong,0.9090909090909091,22
Dachaishen,1.0,17
Huanghai N1,0.25806451612903225,31
Huanghai Challenger,0.875,8
Qisheng F1,0.16666666666666666,6
Qisheng V3,0.23076923076923078,13
Ruitu,0.42857142857142855,7
